{"val_loss": -0.3790140748023987, "val_acc": 0.3152, "_step": 448500, "_runtime": 153, "_timestamp": 1610396277, "train_loss": -0.24265268445014954, "epoch": 8}