{"val_loss": 0.09838806092739105, "val_acc": 0.9756, "_step": 5499800, "_runtime": 1353, "_timestamp": 1610438169, "train_loss": 0.10776068270206451, "epoch": 99}