{"val_loss": -0.21161530911922455, "val_acc": 0.2708, "_step": 145700, "_runtime": 45, "_timestamp": 1610395229, "train_loss": -0.24192285537719727, "epoch": 2}