{"val_loss": -0.28877589106559753, "val_acc": 0.28, "_step": 72149, "_runtime": 154, "_timestamp": 1610394128, "train_loss": -0.003948464524000883, "epoch": 1, "train_loss1": 0.0012436654651537538, "train_loss2": 0.008563605137169361, "train_loss3": 0.003371475264430046}