{"val_loss": 0.0014307289384305477, "val_acc": 0.16, "_step": 22100, "_runtime": 9, "_timestamp": 1610394260, "train_loss": -0.15452954173088074, "epoch": 0}