{"val_loss": 0.0016917904140427709, "val_acc": 0.12, "_step": 54900, "_runtime": 17, "_timestamp": 1610396167, "train_loss": -0.146661639213562, "epoch": 0}