{"val_loss": -0.2633679211139679, "val_acc": 0.3486, "_step": 62049, "_runtime": 297, "_timestamp": 1610395328, "train_loss": -0.06849624216556549, "epoch": 1, "train_loss1": 0.013079820200800896, "train_loss2": 0.11810743808746338, "train_loss3": 0.03653137758374214}