{"val_loss": 0.39088132977485657, "val_acc": 0.616, "_step": 274900, "_runtime": 73, "_timestamp": 1610399605, "train_loss": 0.27611687779426575, "epoch": 4}