{"val_loss": 0.0016443521017208695, "val_acc": 0.135, "_step": 41500, "_runtime": 203, "_timestamp": 1610393953, "train_loss": -0.18745951354503632, "epoch": 0}