{"val_loss": -0.38052356243133545, "val_acc": 0.304, "_step": 40799, "_runtime": 694, "_timestamp": 1610396074, "train_loss": -0.3453243374824524, "epoch": 11, "train_loss1": 0.42791467905044556, "train_loss2": 0.9383662343025208, "train_loss3": 0.1651272177696228}